{"stats":{"minecraft:picked_up":{"minecraft:sand":19},"minecraft:custom":{"minecraft:jump":49,"minecraft:time_since_rest":1758,"minecraft:crouch_one_cm":100,"minecraft:leave_game":1,"minecraft:sprint_one_cm":1664,"minecraft:play_time":1758,"minecraft:walk_on_water_one_cm":528,"minecraft:time_since_death":1758,"minecraft:walk_one_cm":7204,"minecraft:sneak_time":28,"minecraft:walk_under_water_one_cm":65,"minecraft:total_world_time":1758,"minecraft:swim_one_cm":131,"minecraft:fall_one_cm":836,"minecraft:fly_one_cm":3762},"minecraft:mined":{"minecraft:sand":19},"minecraft:used":{"minecraft:sand":18}},"DataVersion":3120}