{"stats":{"minecraft:custom":{"minecraft:jump":17,"minecraft:time_since_rest":377,"minecraft:leave_game":1,"minecraft:crouch_one_cm":22,"minecraft:sprint_one_cm":975,"minecraft:play_time":377,"minecraft:damage_taken":20,"minecraft:time_since_death":377,"minecraft:walk_one_cm":526,"minecraft:sneak_time":14,"minecraft:total_world_time":377,"minecraft:fall_one_cm":1414,"minecraft:fly_one_cm":2229},"minecraft:picked_up":{"minecraft:spruce_sapling":1},"minecraft:mined":{"minecraft:spruce_leaves":1}},"DataVersion":3120}